UNIT CODE, UNIT NAME
"IMED6005,",Integrated Pharmacology and Therapeutics - Central Nervous System
"MATH2007,",Mathematics and Probability Theory
"IMED6009,",Advanced Pharmaceutics 1
"IMED6004,",Advanced Pharmaceutics 2
"XINO3021,",International Study Abroad 5
"XINO3022,",International Study Abroad 6
"XINO3023,",International Study Abroad 7
"XINO3019,",International Experience 11
"XINO3020,",International Experience 12
"XINO3018,",International Experience 10
"SUST5023,",Sustainability Project
"SPAT1006,",Spatial Data Modelling and Errors
"ENGR3005,",Energy Transport
"CSEN4005,",Precast Concrete Design and Construction
"MGMT5053,",Applied Corporate Law (GIA)
"LAWS3024,",Current Topics in Law
"FORS5001,",Recovery and Detection of Latent Fingermarks
"PHRM6008,",Community Pharmacy Placement
"REHT5002,",Fundamentals of Clinical Science in Speech Pathology 2
"SPPA5000,",Fundamentals of Clinical Practice in Speech Pathology 1
"SPPA5001,",Fundamentals of Dysphagia Management
"EDIB4000,",Introduction to the International Baccalaureate Programme
"SPPA5002,",Fundamentals of Phonetics and Phonology
"SPPA6006,",Research Project in Speech Pathology
"SPPA6000,",Fundamentals of Clinical Practice in Speech Pathology 3
"SPPA6003,",Fundamentals of Clinical Practice in Speech Pathology 4
"REHT6001,",Fundamentals of Research to Practice in Speech Pathology
"REHT5001,",Fundamentals of Clinical Science in Speech Pathology 1
"REHT5004,",Fundamentals of Research Data Analysis in Speech Pathology
"ISAD4002,",Extended Software Metrics
"MIDW3007,",Women's Reproductive Health
"EDUC5027,",Diverse Abilities and Curriculum Differentiation
"PEEN4000,",Crude Oil Processing
"LAWS5004,",Law and Administrative Policies
"LAWS2007,",Comparative Law
"LAWS3013,",Construction Law
"MATH0005,",Bridging Mathematics
"VISA5000,",Art and Design Project 1
"JOUR5013,",Introduction to Journalism - Broadcast
"PUBP6010,",Decision Making Under Uncertainty
"EDSC2000,",Assessment in Secondary Schools
"PHRM6007,",Advanced Pharmacy Research
"PHRM5006,",Advanced Pharmacy Research Methods
"IMED5006,",Antimicrobial Therapeutics
"MGMT5016,",Graduate Business Research Project
"MINE1000,","Maintenance, Monitoring and Well Management"
"MIDW6003,",Maternity High Dependency
"PHTY7015,",Physiotherapy Doctoral Dissertation
"PHIL2000,",Spiritual Traditions and Religions of Borneo
"OCCT4004,",Fieldwork for Occupational Therapy 3
"NURS6002,",Health Project 2
"OCHS1000,",Occupational Health and Safety in Mining
"IMED5007,",Clinical Pharmacokinetics and Medicinal Chemistry
"INDH2007,",Mental Health Law and Ethics
"INDH2008,",Behavioural Science for Indigenous Mental Health Practitioners
"INDH2009,","Crisis Intervention, Self-Harm and Suicide Prevention"
"INDR1000,",Teamwork and Planning
"INDR1001,",Workplace Processes and Procedures
"INCD3007,",Indigenous Australian Community Practice
"INCD3008,",Working in Indigenous Australian Contexts
"PHAR6008,",Professional Pharmacy Practice 2
"ENEN6001,",Sustainable Energy Principles and Policy
"CHEN5022,",Fundamentals of Air Pollution Control
"WSEN5000,",Wastewater Treatment
"HUMB3007,",Applied Anatomical Practice
"NURS4005,",Health and Wellbeing in Older People
"MEDS3006,",Microbes and Disease
"ISEC6003,",Ethical Hacking
"FOOD5005,",Sustainable Futures 3
"MINE5015,",Future of Mining 1
"MINE5016,",Future of Mining 2
"MINE5017,",Future of Mining 3
"CMPE5002,",Internet of Things 1
"MGMT5041,",Business Futures 1
"MGMT5042,",Business Futures 2
"PUBH5002,",Health Advocacy 1
"PUBH5003,",Health Advocacy 2
"PUBH5004,",Health Advocacy 3
"PRJM5000,",Professional Practice 1
"PRJM5001,",Professional Practice 2
"PRJM5002,",Professional Practice 3
"GRDE5005,",Designing Futures 1
"GRDE5006,",Designing Futures 2
"GRDE5007,",Designing Futures 3
"FOOD5003,",Sustainable Futures 1
"FOOD5004,",Sustainable Futures 2
"INDH2001,",Indigenous Australian Health Project Management
"CHEM5012,",Applied Water Treatment Methods
"CHEM5008,",Principles of Chemical Analysis
"CHEM5011,",Water Case Studies
"MGMT6050,",Critical Studies of Business and Management
"FISH6000,",Master Thesis - Fisheries Sciences
"EDUC4002,",Education Project
"ECOM3000,",Econometric Theory
"ECOM6001,",Fundamental Business Statistics
"ELEN6001,",Petroleum Technology Process Engineering
"ELEN6003,",Electrical Utility Research Project 2
"XINO5009,",International Study (Study Exchange)
"XINO6003,",Health Sciences Study Abroad 1
"XINO6004,",Health Sciences Studies Abroad 2
"XINO6005,",Health Sciences Semester Abroad 4
"VISA6000,",Art and Design Project 3
"ECON6004,",Business Dissertation for Economics and Finance 2
"ECON6010,",Individual Case Study in Mineral Economics
"ECON6003,",Business Dissertation for Economics and Finance 1
"ECON6012,",Individual Case Study in Project Evaluation
"INAR2003,",Interior Architecture Design Communication
"SPPA4002,",Clinical Practice in Speech Pathology Honours 1
"SPPA4010,",Clinical Practice in Speech Pathology Honours 2
"MGMT6025,",Graduate Business Dissertation
"EDSC3001,",Professional Practice in Secondary Education 3
"COMP3005,",Computer Project 2
"COMP6004,",Strategic Information Management
"COMP0001,",Information Technology
"GMED6008,",Management of Pain Disorders
"GRAD7001,",Doctoral Thesis - Supplication
"GRDE1010,",Design Technology
"FNCE6000,",Master Thesis - Finance
"FNCE7000,",Doctoral Thesis - Finance
"GMED3001,",Applied Bioscience for Critical Care
"PRRE1000,",Equipment Operations and Bulk Fluid Storage
"PRRE1002,","Plant Shutdown, Commissioning and Cathodic Protection"
"SPPA4000,",Honours Research in Speech Pathology 1
"EDSC2001,",Professional Practice in Secondary Education 2
"BIOL2000,",Foundations of Food Microbiology
"BLAW5021,",Business Law Research Project 1
"MINE6001,",Mining Dissertation
"MKTG6002,",Marketing Project 2
"NURS4000,",Nursing Honours Project
"NURS4008,",Nursing Honours Proposal Preparation
"NURS5011,",Health Project Preparation
"NURS5016,",Clinical Leadership
"NURS5034,",Comprehensive Health Assessment
"ARCH3001,",Special Topics in Architecture Construction and Planning
"ASIA1004,","Languages, Arts and Crafts of Borneo"
"ASIA2004,",Asian Religion and Philosophy
"ASIA3002,",Borneo Indigenous Community Research Project
"EDSC2002,",Technologies to Engage Learners
"EDSC4002,",Curriculum and Instruction in Upper Secondary Languages
"ECON6000,",Master Thesis - Economics
"SPPA4011,",Honours Research in Speech Pathology 2
"JOUR5007,",Graduate Photo Journalism
"ENGL0019,",ACE001 Academic English
"COMS0016,",LTP001 Learning at University : Tools & Practices
"MATH0023,",MAT001 Mathematics for Business
"MGMT0012,",IBU001 Introduction to Business
"COMS0018,",IVP001 Introduction to Video Production
"MATH0024,",MAT002 Mathematics for Information Technology
"COMP0007,",RCO001 Robotics & Coding
"COMS0017,",MDC001 Introduction to Media & Digital Communication
"MATH0025,",MAT003 Mathematics for the Health Sciences
"PSYC0001,",RSP001 Research in Psychology
"LAWS5021,",Employment & Industrial Relations Practice
"PHAR5010,",Professional Pharmacy Practice 1
"WORK2004,",Go Global - Internship 1
"WORK3005,",Go Global - Internship 3
"ISEC6002,",Advanced Cyber Security Practices
"MATH0020,",Fundamentals of Business Mathematics
"NURS4003,",Honours Research Project Skills
"COMP5012,",Digital Futures 1
"COMP5014,",Digital Futures 3
"COMP5013,",Digital Futures 2
"COMP5015,",Digital Futures 4
"PHYS0006,",Physics for Engineers 2
"INDS1002,","Rock Art, Archaeology and Antiquity"
"ENST6001,",Sustainability Management Dissertation 1
"HUMB3010,",Physiology in Extreme Conditions
"OCCT5004,",Principles of Research Design
"AQUA6000,",Aquaculture Technology
"ENGR3004,",Multiphase Flow in Porous Media
"ENGR4003,",Energy Production
"ENGR3003,",Porous Media Characterisation
"ERTH1002,","Land, Sea and River Ranger Management 3"
"ERTH1003,","Land, Sea and River Ranger Management 4"
"ERTH1000,","Land, Sea and River Ranger Management 1"
"ERTH1001,","Land, Sea and River Ranger Management 2"
"EDPR5007,",Statistics For Educators
"EDSC6000,",Research-Based Inquiry to Enhance Practice
"INCD3002,",Facilitating Indigenous Community Education
"SPPA6014,",Allied Health Research Project
"ENST5006,",Ecotoxicology and Environmental Monitoring
"EDPR6000,",Extending English in the Primary Years
"EDHE5007,",The Learning Cycle: Design and Curriculum
"EDHE5010,",Research for the Scholarship of Learning and Teaching
"EDUC5023,",Teaching English to Speakers of Other Languages Methodologies
"LAWS2006,",Mooting
"INFO5052,",Communities and Literacies
"PARA3004,",Paramedicine Professional Leadership Project
"PHRM6009,",Hospital Pharmacy Placement
"MKTG5000,",Marketing of Services
"MKTG5001,",Contemporary Issues in Tourism Marketing
"ACCT5027,","Public Sector Accounting, Accountability and Policy"
"MGMT3033,",Wicked Challenges
"IMED5009,",Pharmaceutical Biology
"GRDE5001,",Art and Design Concepts and Contexts
"GENE5001,",Trace DNA
"EDUC6046,",Education in the Post-Truth Era
"FNCE6002,",Financial Technology
"MKTG6011,",Consumer Science and Innovation
"MKTG6012,",Big Data Analytics in Marketing
"MGMT5055,",Corporate Governance (GIA)
"MGMT5057,",Risk and Compliance (GIA)
"MGMT5054,",Public Law and Government (GIA)
"MGMT5056,",Finance for Decision Making (GIA)
"EDSC3009,",Educating Adolescents: Diversity and Inclusion
"INDS2005,",Indigenous Cultural Study Tour 1
"REHT6006,",Integration of Evidence Based Clinical Practice
"EDPR5004,",Teaching Humanities and Social Sciences in the Primary Years
"MKTG5013,",Brand Semiotics and Storytelling
"MKTG5008,",Integrated Global Communications
"PHAR6007,",Professional Pharmacy Practice 3
"INFO5009,",Research and Evaluation
"ENGL0009,",Unit 1.1 - General English
"INFO5007,",Telling Stories with Data
"INFO5043,",Libraries as Organisations
"EDUC6003,",Perspectives on Educational Research
"STRD2003,",Unconventional Threats and Conflict
"ECON6027,",Economics for Investment
"EDEC6001,",Early Literacies and Play-Based Pedagogies
"ENEN2000,",Engineering Sustainable Development
"MXEN2000,",Mechatronics Modelling Project
"INTR5005,",Globalised Terrorism
"INTR5002,",The Geopolitics of East Asia
"INTR5001,","Women, Peace and Security"
"POLS5004,",Environmental and Energy Security
"IMED6006,",Integrated Pharmacology and Therapeutics - Complex Cases
"FNCE5011,",Treasury Risk Management
"ENGL0010,",Unit 1.2 - General English
"STRD3003,",Strategic Analysis Project
"EDUC6050,",Education for a Future: Learning for Sustainability
"EDUC6058,",Pedagogies for Learner and Community Diversity
"EDUC6048,",Designing STEM Integration
"INFO5050,",Critical Information Values
"NURS5006,",Advanced Screening and Diagnostics
"EDEC5006,",Creative and Media Arts in Early Childhood
"EDUC6054,",Empowering Learners Through Social Justice Leadership
"GEOT4002,",Geotechnical Design and Construction
"EDUC6056,",Leading Learning in Multilingual Contexts
"EDPR5008,",Teaching Arts in the Primary Years
"EDUC6060,",Becoming a Leader of STEM Education
"EDUC6066,",Schooling and Australian Society
"LAWS5017,",Administrative Law Practice
"EDUC5021,",Materials Design and Assessment
"LAWS5019,",Wills & Estates Practice
"EDEC5002,",Numeracy for 5 to 8 Year-Olds
"EDUC6062,",Professional Experience 3: Using Data to Inform Teaching and Learning
"EDEC5001,","Early Childhood Professional Experience 2: Planning for Writing, Assessment and Reporting"
"EDUC5009,",Pedagogies for Diversity
"EDUC5005,",Theories of Development and Learning
"EDSC5022,",Managing the Learning Environment
"EDEC5008,","Health, Safety and Physical Education in Early Childhood"
"EDPR5005,",Teaching Science in the Primary Years
"WORK3006,",Go Global - Internship 4
"PARA2000,",Paramedic Clinical Practice 1
"GMED3002,",Applied Paramedic Bioscience 3
"CNCO3002,",Advanced Computer Communications
"ECON6019,",International Resource Trade
"URDE5032,",Special Topics in Urban & Regional Planning
"EDSC4020,",Curriculum and Instruction Lower Secondary: Mathematics
"EDSC3007,",Curriculum and Culture in Secondary Schools
"EDUC4042,",Alternative Approaches to Teaching Literacy and Numeracy
"ENEN4010,",Socio-Economic Impacts of Engineering
"EDSC4024,",Curriculum and Instruction Lower Secondary: Humanities and Social Sciences
"EDPR3000,",Inquiry in the Mathematics Classroom
"EDEC4006,",Social Justice and Diversity in Early Childhood
"EDPR2016,",Health and Physical Education
"EDPR3014,",Visual and Media Arts Education
"ENEN3006,",Hydraulics and Hydrogeology
"ENGR5003,",Net Zero Engineering Fundamentals
"EDUC4053,",Teaching Health Education in Primary Schools
"EDUC5004,",Sexuality and Relationships Education
"EDUC6044,",Professional Experience Global: Using Data to Inform Teaching and Learning
"EDUC4046,",Technologies: Digital Solutions
"EDUC4052,",Primary Physical Education: Curriculum & Assessment
"EDUC4034,",iSTEM: Social Issues
"EDUC4051,",Physical Education Pedagogy
"EDUC4022,",Creative Literacies
"EDPR3004,",Cultural Contexts in Primary Education
"GEOL2007,",Structural Geology
"GEOL3003,",Hydrogeology and Engineering Geology
"GEOL1008,",Dynamic Earth
"GEOL5003,",Geological Concepts
"GEOL5017,",Ore Deposits
"GEOG3001,",Sustainable Livelihoods
"GEOG2001,",Geographies of Food Security
"GEOL2008,",Field Geology Techniques
"GEOL2003,",Mineralogy and Geochemistry
"GEOL3009,",Field Studies of Sedimentary Basins
"GEOL3012,",Basin Dynamics
"GEOL5005,",Field Geology and Maps
"GEOG2002,",Fieldwork Skills
"GEOG1000,",Human Geography
"FNCE4002,",Advanced Investment Analysis
"FOOD6000,",Food Product Development
"FNCE7002,",Applied Investment Analysis
"FNCE7001,",Issues in Corporate Finance
"ENHL3000,",Environmental Systems Management
"FNCE4000,",Contemporary Issues in Corporate Finance
"FOOD2003,",Food Chemistry
"FORS1005,",Foundations of Forensic Science
"FORS2000,",Forensic Trace Evidence
"GENE3002,",Human Genetic Disease
"GEOL4001,",Geoscience Analytical Techniques
"GEOL3010,",Ore Deposits
"GEOL5004,",Applied Geochemistry
"GEOG5005,",Human Geography
"GEOL5000,",Mining Geology and Resource Estimation
"FOOD3006,",Current Topics in Food Science
"CWRI3002,",Travel Writing
"CSEN6008,",Structural Actions and Steel Design
"ECEV2000,",Terrestrial Ecology
"ECOM6005,",Econometrics Fundamentals
"ECOM5000,",Introductory Econometrics
"ECEV3002,",Borneo Ecosystems and Resources
"ECON3002,",Economic Modelling
"CTED4008,",Teaching About the Gospels in Catholic Schools
"CTED4001,",Teaching About Sacraments in Catholic Schools
"ECON7004,",Contemporary Microeconomics
"EDSC3011,",Species Evolution Over Time
"ECON7003,",Contemporary Issues in Macroeconomics
"CSEN6003,",Engineering Quality Assurance Frameworks and Applications
"ECON2006,",Applied Economics
"CSEN6000,","Engineering Contracts, Legislation and Quality"
"CSEN6001,",Engineering Economics and Whole-Cost Management
"BLDG4028,",Contract Administration
"CHEM2002,",Chemistry of Biological Processes
"CHEM3007,",Advanced Biological Chemistry
"CHEM2000,",Chemical Energetics and Kinetics
"BLDG4034,",Engineering Measurement
"CHEM3004,",Analytical Chemistry and Spectroscopy
"CHEM3002,",Chemical Sensing and Measurement
"BLDG4027,",Professional Practice in Construction
"CHEM2008,",Chemistry for Sustainability
"EDSC4034,",Curriculum and Instruction Lower Secondary: Health and Physical Education
"EDUC4036,",Language and Diversity
"EDSC4032,",Curriculum and Instruction Lower Secondary: The Arts
"EDUC4012,",Relationships and Sexuality Education
"EDUC4014,",Diverse Abilities and Curriculum Differentiation
"EDUC4032,",iSTEM Education through Digital Stories
"AGRI5002,",Advanced Soil Systems
"ARCH3026,",Architecture Design Studio 3A - Multi Residential
"ARCH5007,",Architectural Systems and Research Methods
"CMPE6002,",Network Design
"COMP0005,",Programming in C++
"COMP6018,",Advanced Problems in Computer Science
"COMS0007,",Academic Writing Skills
"COMS0003,",Preparatory English
"COMS0010,",Introduction to Research Projects
"CHEN3010,",Reaction Engineering
"COMP5007,",Artificial and Machine Intelligence
"COMP6012,",Neural Networks and Statistical Machine Learning
"COMS0009,",Critical Thinking Skills
"COMT6004,",Internet of Things Design and Communications
"PHTY4016,",Physiotherapy Leadership
"PHTY4017,",Physiotherapy Honours Research
"PHTY4018,",Physiotherapy Honours Dissertation
"PHTY4007,",Interprofessional Practice
"PHTY4008,",Evidence Based Practice in Physiotherapy
"FASH3001,","Fit, Form and Function"
"FASH3004,",Fashion Merchandising
"ENST3007,",Wildlife Conservation
"ENHL3001,",Fundamentals of Environmental Health Management
"FASH2000,",Garment and The Body
"FASH2001,",Culture and Dress
"FASH3000,",Language of Dress
"ERTH4002,",Geoscience Professional Practice
"FNCE3003,",Issues in Financial Planning Practice
"ERTH3001,",Climate and the Biosphere
"ERTH5002,",Habitat and Landform Mapping
"ETEN6000,",Control Systems
"ENHL6003,",Environmental Health Risk Assessment
"ENST3008,",Biodiversity Conservation
"ERTH3000,",Habitat and Landform Mapping
"EDSC4022,",Curriculum and Instruction Lower Secondary: Science
"CWRI5015,",Graduate Travel Writing
"ECON4001,",Advanced Microeconomics
"ECON4002,",Advanced Macroeconomics
"ACCT7001,",Financial Accounting Theory for Doctorate
"AERO3000,",Space Systems Design
"ACTL4003,",Predictive Analytics Principles
"ACTL4000,",Actuarial Control Cycle 1
"CHEN3014,",Water and Wastewater Treatment Processes
"CMPE6001,",Computer Aided Engineering of Digital Systems
"CMPE3006,",Advanced Digital Design
"CHIN2001,",Intermediate Chinese: Everyday Contexts
"CHIN3002,",Advanced Chinese: Cultural Connections
"CHEN4004,",Computational Fluid Dynamics
"CHEM2004,",Chemical Structure and Spectroscopy
"AGRI2001,",Animal Production
"ARCH1018,",Architecture and Interior Architecture Methods 1A - Analogue Literacy
"ARCH3006,",Environmental and Building Systems in Architecture
"ARCH3009,",Twentieth and Twenty-First Century Architectural Theories
"AGRI5001,",Animal Science
"AGRI3004,",Advanced Livestock Production Systems
"ARCH5006,",Architecture and Culture Research Topics and Methods
"ARCH3027,",Architecture Methods 3A - Digital Futures
"ARCH6026,",Architectural Thesis Project 1
"CMHL4002,",Contemporary Health and Social Issues in Australian Communities
"CMHL4001,",Complexity and Case Management
"CMHL2001,",Working with Communities
"CHIN3000,",Advanced Chinese: Language Variations
"CHIN2000,",Chinese Society and Culture
"CHEN5000,",Process Heat Transfer
"CHEN5039,",Advanced Unit Operations
"CHEN5040,",Reaction Engineering
"CHEN3012,",Materials Selection and Corrosion
"LAWS1000,",Introduction to Contract Law
"LAWS1002,",Introduction to Tort Law
"LAWS1006,",Legal Research and Writing
"LAWS4000,",Advanced Legal Research and Writing for Honours
"LCST1004,",Introduction to Cultural Studies
"JAPN2001,",Intermediate Japanese: Everyday Contexts
"ISYS5003,",Technological Infrastructure
"ISYS3004,",Business Web and Mobile Technologies
"JAPN3000,",Advanced Japanese: Intercultural Communication
"ISYS6011,",Computer Forensics
"LAWS1005,",Legal Foundations
"ISYS5004,",Information Systems Implementation
"ISYS3006,",Business Applications
"MATH5000,",Theory of Interest
"MATH5006,",Numerical Methods
"MATH5009,",Contingencies 1
"MEDI2009,",Investigations in Infectious Microbiology
"MATH3011,",Present and Future Mathematics
"MATH1022,",Mathematics for Science
"MATH0021,",Engineering Mathematics 1
"MATH3009,",Contingencies 1
"MATH3008,",Survival Models & Analysis
"MARI3000,",Advanced Marine Science and Technology
"HUMB2006,",Exercise Physiology
"HUMB3006,",Applied Exercise and Sports Physiology
"HUMB2015,",Human Movement Science
"HEAL6043,",Health Economics
"HIST3000,",A History of Nationalism and Nation-Making
"HUMB2010,",Motor Control
"HUMB2014,",Vital Physiology
"HIST1000,",Legacies of Empire
"HEAL1000,",Introductory Physiotherapy Practice
"HIST3003,",Australians at War
"HIST2001,",Democracy and Dictatorship
"HLPR6004,",Diversity and Difference in Health Promotion
"HLPR6013,",Introduction to Health Promotion
"GRDE6005,",Critical Design Theory
"HUMB1005,",Applied Anatomy
"HEAL6010,",Organisation of Health Care Systems
"HLPR6001,",Health Promotion Strategies and Methods
"HLPR2002,",Health Promotion Methods
"HLPR1000,",Health Promotion Principles and Values
"HLPR2004,",Health Promotion Planning
"HRIG5013,",Introduction to Human Rights and Social Justice
"HRIG5001,",Social Justice and Development
"HLPR3004,",Health Promotion in Challenging Contexts
"HLPR2005,","Health Promotion, Equity and Social Justice"
"HRIG5004,",Forced Migration and Refugee Rights
"HLPR3000,",Evidence and Evaluation in Health Promotion
"LAWS4004,",Contemporary Legal Theories and Issues
"JAPN2000,",Japanese Society and Culture
"KORE2000,",Korean Intermediate 3
"KORE3000,",Korean Advanced 5
"MIDW1002,",Introduction to Midwifery Bioscience
"MICB5000,",Applied Food Microbiology
"ISEC1001,",Infonet Security Fundamentals
"ISEC6004,",Incident Handling and Forensics in Network Defence
"INDS6003,",First Nations LGBTQIA plus Identities and Perspectives
"INTR5009,","Cyber Conflict, Information Operations and Espionage"
"KORE1000,",Korean Beginners 1
"MEDI4007,",Applied Laboratory Medicine Practice 3
"MGMT0005,",Introduction to Business Management
"MGMT1005,",Introduction to Commerce
"MATH3000,",Complex Analysis
"MATH2015,",Mathematical Computing
"MATH1017,",Advanced Calculus 1
"MATH3002,",Numerical Optimisation
"LCST2006,",Genre and Classic Texts
"MATH5011,",Survival Models & Analysis
"MCEN4020,",Computational Fluid Dynamics and Heat Transfer
"MEDA0002,",Introduction to Visual Culture
"MEDA0004,",Introduction to Media and Communication Studies
"MEDA2000,",Media and Indigenous Australian Issues
"MEDI2010,",Molecular Cytogenetics and Diagnostics
"MEDI3005,",Topics in Medical Science
"LCST3006,",Decolonising Place
"INAR2022,",Philosophy and Practice
"INAR3005,",Interior Architecture Studio - Well-being
"INCD1004,",Introduction to Indigenous Australian Ways of Working
"INCD1002,",Indigenous Australian Issues and Factors in Local Region
"INCD2001,",Indigenous Australian Political Contexts
"INCD3003,",Indigenous Australian Community Development Strategies and Practices
"INCD3012,",Introduction to Evaluation in Indigenous Community Program Context
"INCD3014,",Digital Literacy in Indigenous contexts
"INCD3011,",Leadership in Indigenous Australian Contexts
"INAR1010,",Interior Architecture Studio - Foundation
"INAR2024,",Design Fabrication
"IMED3006,",Integrated Pharmacology and Therapeutics 2
"INCD1007,",Writing and Communication Skills for Indigenous Australians
"INCD2005,",Indigenous Australian Organisational Practice and Management Skills
"INCD2008,",Governance and Policy in Indigenous Australian Contexts
"INCD2009,",Initiating and Planning Indigenous Australian Community Projects
"INCD2010,",Facilitation Processes in Indigenous Australian Contexts
"INDE3000,",Industrial Modelling and Optimisation
"INDE2002,",Network Optimisation for Transport and Logistics
"INDE5000,",Supply Chain Modelling and Optimisation
"INDH1001,",Indigenous Australian Healing Practices
"IMED3005,",Medicinal Chemistry and Clinical Pharmacokinetics
"INDE6001,",Industrial Modelling and Optimisation
"INDE6002,",Network Optimisation for Transport and Logistics
"HUMV2000,",Biomechanics
"IMED4001,",Central Nervous System (CNS) Pharmacology and Therapeutics
"ICTE5001,",Advanced Human Computer Interface
"IMED3010,",Systems Pharmacology
"INAR4023,",Adaptive Reuse and Heritage
"IMED2000,",Immunology and Infectious Diseases for Pharmacists
"INAR2007,",Interior Architecture Fundamentals
"INAR4031,",Interior Architecture Honours Proposal
"INAR3022,",Interior Architecture Practice 1
"INDH2006,",Indigenous Mental Health
"INDH2011,",Aboriginal and Torres Strait Islander Mental Health First Aid
"INDH3004,",Mental Health Research Evaluation
"INDS0001,",Leadership in Community and Organisations
"INDS3001,",Indigenous Australians in the 21st Century
"INDH3005,",Principles and Practices of Counselling
"GRDE2016,",Image Design Culture
"GRDE3005,",Design Innovation Futures
"GRDE5010,",Experience Making
"GEOP2009,",Planetary and Minerals Geophysics
"GEOP6015,",Advanced Seismic Processing
"GEOP1002,",Foundational Geophysics
"MGMT4007,",Contemporary Issues in Management
"MGMT6056,",Start-Up Project
"MINE4011,",Mine Automation and New Technologies
"MINE6030,",Continuum and Discontinuum Mechanics
"MIRA3000,",Clinical Medical Imaging Practice 3
"MGMT6055,",Commercialisation of Technological Innovation
"MINE4008,",Mine Asset Management and Services
"MIRA3003,",Professional Medical Radiation Practice
"MIRA3006,",Medical Radiation Pathology 2
"MIRA3008,",Radiation Therapy Practice 4
"MIRA3004,",Medical Imaging Practice 4
"MKTG0002,",Industrial Training
"MIRA4010,",Medical Radiation Research Project 1
"MGMT5000,",Employment Relations in Australia
"MGMT2003,",Sustainable Event Development
"MEDS6016,",Paediatrics
"MEDS2000,",Clinical Pathophysiology
"MEDI3014,",Advanced Biomedical Science Research Project 1
"MEDS6021,",Advances in Clinical Nutrition
"MEDS2004,",Studies in Cognitive Neuroscience and Motor Speech Disorders
"MEDS6022,",Medical Nutrition Therapy
"MEDS3004,",Integrated Gerontology
"MEDI3016,",Frontiers in Immunology
"MEDS3003,",Orthoses and Upper Limb Rehabilitation
"MEDS5009,",Pathophysiology for Dietetics
"MEDI3017,",Medical Pathophysiology
"MEDS6018,",Neuroscience for Occupational Therapy
"MEDS5015,",Pathophysiology for Occupational Therapy
"MEDI4008,",Applied Laboratory Medicine Practice 2
"MEDS4003,",Principles of Epidemiology and Biostatistics
"MGMT6032,",Legal Issues in Human Resources
"MKTG6009,",Marketing Philosophy and Paradigms
"NETS5010,",Graduate Web Media
"NETS5011,",Graduate Online Games and Play
"NETS5004,","Graduate Social Media, Communities and Networks"
"MKTG4004,",Advanced Consumer Behaviour for Honours
"MXEN3003,",Design of Mechanical Components
"NPSC1002,","Science, Technology and Global Problems"
"STAT3010,",Financial Engineering 2
"STAT2003,",Analytics for Experimental and Simulated Data
"STAT4002,",Introduction to Applied Statistics
"STAT3000,",Statistical Inference
"STAT5008,",Mathematical Statistics
"SPAT5009,",Applied Remote Sensing
"SPPA1001,",Introduction to Human Communication Science
"SPAT5006,",Fundamentals of Geographic Information Systems
"SPAT6003,",Geospatial Analysis
"SPAT5014,",Web Mapping and GeoVisualisation
"SURV3001,",Control Surveying
"PHYS4004,",High Performance Computing
"PHTY7024,",Advanced Sports Physiotherapy Clinics 1
"PHYS3005,",X-Ray Diffraction and Electron Microscopy
"STEN6006,",Concrete and The Environment
"SURV4000,",Cadastral Surveying
"STEN6004,","Plain, Reinforced and Prestressed Concrete Structures"
"SURV3002,",Mine Control Surveying
"STAT0001,",Introduction to Statistics
"STAT2001,",Mathematical Statistics
"STAT2002,",Quantitative Biology
"STAT2005,",Computer Simulation
"SUST5005,",Future Cities
"STRD2002,",Military Technology and the Arms Race
"STRD2001,",Great Power Competition
"SUST2000,",Sociocultural Perspectives of Sustainability
"SXLG6004,",Sexological Education
"TAXA3003,",Taxation of Business Structures
"STRD3001,",Strategic and Defence Planning
"TAXA5000,",Applied International Taxation
"TAXA5002,",Taxation of Capital Gains
"SUST5024,",Sustainable Waste Management
"TAXA5003,",Advanced Estate Planning
"THTR3003,",International Theatre
"THTR3000,",Directing Theatre
"THTR2005,",Collaborative Theatre Practice
"STRD3000,","Ethics, Leadership and Management"
"STRD1000,","Power, Politics and Government"
"SUST5020,","Sustainability, Climate Change and Economics"
"URDE3009,",Planning History and Theory
"URDE2000,",Local Planning
"VALU3000,",Specialised Property Valuation
"URDE2006,",Planning for Housing
"URDE1002,",Planning Graphics and Design
"URDE5013,",Planning Theory and Context
"URDE4013,",Planning for Regions
"URDE5002,",Planning for Regions
"URDE4004,",International Perspectives for Planning
"URDE3002,",Urban Regeneration
"URDE2004,",Planning for Economic Development
"URDE5001,",Local Planning
"TAXA3001,",Taxation Administration
"TAXA3000,",Foundations of International Taxation
"THTR1001,",Acting Fundamentals
"SPAT5015,",Drone Mapping & Applications
"SPAT4003,",Physical Geodesy
"SPAT2000,",Photogrammetry
"PUBH2006,",Privacy and Cyber Security: Health Data Governance
"PUBH4000,",Public Health Honours Preparation
"PUBH6003,",Health Policy and Decision Making
"PUBH6032,",Principles of Planning and Evaluation in Public Health
"PUBH6034,",Leadership in Public Health
"SPAT3011,",Drone Mapping & Applications
"REHT3006,",Fundamentals of Management in Allied Health Practice
"SPPA5006,",Feeding and Swallowing Across the Lifespan
"SPAT4006,",Survey Network Analysis and Design
"SPPA2007,",Language Analysis and Assessment
"SPPA6008,",Disability and Multimodal Communication
"SPPA5004,",Evidence Based Clinical Decision Making
"SPPA3007,",Voice and Speech Science
"SPPA5005,",Language across the Lifespan: Assessment and Analysis
"SPPA6009,",Management and Coaching in Speech Pathology
"SPPA2006,",Introduction to Speech Pathology Practice
"SPPA3008,",Counselling and Collaborative Practice in Speech Pathology
"REHT6005,",Clinical Exercise Physiology for Mental Health Recovery
"REHT6007,",Clinical Exercise Physiology Skills Practicum 3
"REHT6008,",Pre-clinical Practice and Professional Skills Practicum 1
"SCWK1000,","Social Work Philosophy, Policy and Context"
"SCWK2000,",Social Work Integrity and Accountability in Practice
"SCWK4005,",Social Policy Advocacy and Practice
"SCWK5002,",Introduction to Social Work Field Education
"SCWK2001,","Citizenship, Culture and Diversity"
"SCWK6001,",Advanced Social Work Field Education
"SPAT1001,",Fundamentals of Surveying
"PUBH3001,",Applied Research and Biostatistics
"PUBH1001,","Introduction to Health, Safety and Environment"
"SPAT3001,",Mine Surveying
"REHT2003,",Exercise Delivery
"SPAT1000,",Survey Computations
"SPAT2015,",Geodata Processing
"SPAT2003,",Engineering Surveying
"SPAT3005,",Land Planning
"SPAT2002,",Coordinate and Mapping Systems
"SPAT2016,",Photogrammetry for Mining Operation
"PWRP1004,",Fundamentals of Academic Writing
"PATH2006,",Fundamentals of Clinical Pathophysiology
"OCHS5004,",Accident Prevention and Safety Management
"OCCT6009,",Occupational Therapy in Mental Health Practice
"OCHS5005,",Health and Safety Economics and Management
"PATH6001,",Cardiovascular and Respiratory Clinical Exercise Physiology
"PATH6003,",Clinical Exercise Physiology for Chronic Renal and Metabolic Conditions
"PATH6005,",Clinical Exercise Physiology Across the Life Course
"PHAR4007,",Pharmacy Practice 5
"PHAR3002,",Pharmacy Practice 3
"PHAR2003,",Pharmacy Practice 2
"PRRE6009,",Mining and Metallurgy Research Literature Review
"PRRE5000,",Essentials of Materials Engineering
"PROP3002,",Property Finance and Capital Markets
"PRRE4009,",Combustion Engineering and Gas Utilisation
"PRRE4008,",Process Monitoring and Fault Diagnosis
"PRRE6015,",Systems Control and Remote Operations
"PRRE5007,",Fundamentals of the Resource Production Industry
"ZOOL2000,",Animal Diversity and Evolution
"ZOOL5000,",Diversity of Animal Life
"ZOOL2001,",Marine Biodiversity
"OCCT2002,","Foundations of Environment, Health and Disability"
"NETS3010,",Online Games and Play
"PATH2001,",Foundations of Pathology
"PEEN3005,",Petroleum Geology and Geophysics
"PEEN6008,",Advanced Drilling Practices
"PEEN6014,",Advanced Numerical Reservoir Simulation
"PHGY3002,",Rural Geographies
"PSYC7001,",Psychology Doctoral Practicum 1
"PSYC7002,",Psychology Doctoral Practicum 2
"PUBP6003,",Delivering Public Value (ANZSOG)
"PUBP6005,",Governing By the Rules (ANZSOG)
"PSYC6018,",Advanced Adult Psychopathology and Psychotherapy
"PSYC4007,",Psychology Undergraduate Dissertation Preparation
"PSYC4003,",Advanced Topics in Applied Psychology
"PSYC4000,",Psychology Honours Dissertation Preparation
"PSYC5021,",Quality Assurance in Psychological Research (Global)
"PSYC6021,",Clinical Psychology Masters Dissertation 1
"PUBP6001,",Work-based Project (ANZSOG)
"PSYC5020,",Advanced Topics in Applied Psychology (Global)
"PSYC6019,",Advanced Child Psychopathology and Psychotherapy
"PSYC4004,",Quality Assurance in Psychological Research
"PSYC3006,",Behaviour Change for Exercise and Health
"PSYC5022,",Psychology Dissertation Preparation (Global)
"PUBR3003,",Cross-Cultural Communication
"MGMT4004,",Quantitative Methods for Business Research
"MGMT5006,",Global Leadership
"PHYS3009,",Quantum Mechanics
"PHYS2006,",Classical Mechanics and Quantum Physics
"PHYS2002,",Statistical Mechanics and Thermodynamics
"PHYS1008,",Radiation Physics and Instrumentation
"PHYS4000,",Advanced Computational Quantum Mechanics
"PHTY7023,",Continence and Pelvic Health Clinics 1
"PHTY7025,",Advanced Musculoskeletal Clinical Competencies 1
"PHYS1005,",Physics 1
"OCHS3000,",Health and Safety Technology
"OCHS3001,",Employment and Environment Law
"PHYS0005,",Physics for Engineers 1
"PHYS3006,",Scientific Data Analysis
"PHTY7005,",Musculoskeletal Science Advanced Competencies 1
"PHTY6011,",Advanced Anatomy and Pathology
"OCHS1002,",Science Fundamentals for Health and Safety
"PROP3001,",Residential Property Development
"PHTY6021,",Physiotherapy Project Proposal
"OCHS2001,",Workplace Human Factors
"POLS5002,",Security and Conflict in the Indian Ocean and the Middle East
"PEEN4004,",Numerical Reservoir Simulation
"PEEN4003,",Advanced Drilling Engineering
"PEEN3001,",Fundamentals of Reservoir Engineering
"PEEN3004,",Hydrocarbon Phase Behaviour
"PEEN5000,",Introduction to Offshore Petroleum Engineering
"PARA1001,",Introduction to Paramedic Professional Practice
"OCCT5007,",Principles and Practice of Occupational Therapy
"OCHS5003,",Risk Management and Safety Technology
"PARA1002,",Essential Skills in Paramedicine
"OCHS5002,",Occupational Hygiene and Chemical Safety
"PATH6002,",Clinical Exercise Physiology for Musculoskeletal Conditions
"PATH6007,",Clinical Exercise Oncology
"PHRM2005,",Foundations in Pharmacology
"OCCT1001,",Introduction to Occupational Therapy
"BCCB3000,",Advanced Molecular Biology
"ASTR3000,",Relativistic Astrophysics and Cosmology
"BIOL3009,",Advanced Molecular Techniques
"ARCH6007,",Architectural Professional Project Delivery
"AGRI3001,",Sustainable Agricultural Systems and Food Security
"AQUA3000,",Sustainable Aquaculture
"AGRI6002,",Global Agricultural Sustainability and Food Security
"ARCH1004,",Sustainability and Structures in Architecture
"AGRI4000,",Advanced Statistics for Environment and Agriculture
"ARCH2024,",Architecture and Interior Architecture Design Studio 2A - Residential Typology and Grammar
"AGRI2006,",Soil Systems
"ANTH3006,",Understanding Social Research A
"ANTH1000,","Self, Culture and Society"
"ANTH2003,",Language and Social Life
"AQUA5002,",Aquaculture Principles and Practices
"ASIA1001,",Discovering Asia
"AGRB2006,",Agribusiness Professional Practice
"AGRI2000,",International Agricultural Trade
"ARCH2003,",Architectural Documentation and Detailing
"AGRI2004,",Agricultural Production Systems
"ARCH2025,",Architecture Methods 2A - Digital Fabrication
"ANTH3005,",Social Inequality: Possibilities for Change
"GEOP5007,",Electromagnetics and Potential Methods
"GMED2012,",Introductory Musculoskeletal Science
"GMED3022,",Integrated Neuroscience
"GMED3020,",Integrated Cardiopulmonary Science
"GRDE5000,",Design Computing
"GRDE5009,",Ethical Design
"ATOC2000,",Atmospheric and Oceanographic Sciences
"BIOL3004,","Exercise Physiology, Nutrition and Performance"
"BIOL1005,",Foundations of Biology
"BLAW6000,","Health, Safety and Environmental Law"
"ASIA3001,",Asian Century Issues and Perspectives
"BLDG1003,",Structures
"BLDG3012,",Cost Management
"BLAW2014,",Tort Liability for Business
"BLAW2011,",Safety and Environmental Health Law
"BLAW3004,",Business Intellectual Property
"BLDG1004,",Introduction to Management in Construction
"BLDG3034,",Sustainable Construction Practices in Building and Infrastructure
"BLDG2013,",Construction Plant and Equipment
"BLDG2024,",Building Surveying
"BLDG4010,",Integrated Construction Project 1
"CHEM3005,",Synthetic Methods in Chemistry
"CHEM3009,",Industrial Chemistry and Achieving Sustainability
"BCCB2003,",Biochemistry of Nutrition
"BIOL3002,",Understanding Biotechnology
"BCCB2004,",Foundations of Cell Biology
"BLDG2005,",Property Construction
"BLDG2035,",Quantities Measurement for Building Works
"GEOP5000,",Applied Geophysics
"GLBL5003,",Engaging Asia
"GLBL5002,",Engaging Africa
"GLBL5001,",Global Futures and Just Transformations
"GEOP6008,",Applied Geology and Geophysics
"GLBL5000,",Engaging Cultural Diversity
"JOUR5002,",Graduate Radio News
"JOUR5012,",Understanding Journalism
"MCEN4016,",Professional Engineering Management and Practice
"MCEN6025,",Sustainable Energy Conversion Engineering
"MEDA0003,",Introduction to Screen Production
"MATH5003,",Mathematics Masters Project 2
"MATH4002,",Advanced Topics in Optimisation
"MATH5001,",Mathematics Masters Project 1
"MEDI3008,",Applied Laboratory Medicine Practice 1
"MEDI3015,",Advanced Biomedical Science Research Project 2
"MEDI3018,",Stem Cells and Regenerative Medicine
"MEDS5011,",Neuroscience Neurodevelopment
"MIRA4015,",Medical Radiation Science Research Methodologies
"MIRA2005,",Medical Imaging Practice 3
"MIRA2010,",Radiation Therapy Practice 3
"MIRA4017,",Medical Radiation Special Topics 2
"MIRA3014,",Advanced Radiation Therapy Care
"MIRA4007,",Medical Radiation Research Project 2
"MKTG2008,",UX Accessibility and Analytics
"MKTG5012,",Strategic Brand Marketing
"MKTG6004,",User Experience Design
"MKTG6003,",Sustainable and Societal Marketing
"MIRA3002,",Comparative Medical Imaging Science
"MIRA3005,",Medical Radiation Instrumentation 3
"MIRA1004,",Radiation Therapy Practice 1
"HUMN4005,",Humanities Honours Project 2
"INDS4003,",Critical Approaches to Research Literature
"INDS4001,",Indigenous Australian Research Methodologies
"INDS6007,",Indigenous Australian Health and Well-being: an Indigenous standpoint: Community Voices
"INDS5010,",Graduate Listening to Country: First Nations' Perspectives
"INDS4002,",Indigenous Australian Research Techniques and Methods
"INDS6006,",Global Indigenous Comparative Studies
"INED4000,",Teaching in Regional and Remote Schools
"INDS4000,",Indigenous Australian Research Positioning
"INTR3002,",International Ethics
"INTR3003,",Extremism in Global Politics
"HUMN4004,",Humanities Honours Project 1
"INDS3002,",Indigenous Australian Research
"INDS4004,",Indigenous Australian Honours Dissertation Preparation
"INDS6005,",The Ethics of Memory: Interculturalism in Australia
"INDS3003,","Rock Art, Archaeology and Antiquity"
"INDS4005,",Indigenous Australian Honours Dissertation
"INDS6002,",Australian Indigenous Studies Research Project
"INTR1002,",Foundations of International Relations
"INDS3000,",Commerce in Indigenous Australian Contexts
"HUMV4001,",Exercise and Sports Science Honours Dissertation
"IMED2002,",Integrated Pharmacology and Therapeutics 1
"IMED3007,",Integrated Pharmacology and Therapeutics 3
"ICTE0001,",Introduction to Information Technology
"IMED2001,",Antimicrobial Chemotherapy
"IMED3008,",Advanced Pharmacology
"HUMN4003,",Theories and Methods for Honours Research
"INDS2002,",Indigenous Australian Arts
"INCD5000,","Social, Cultural and Historical Contexts of Indigenous Australians"
"MEDS5013,",Gerontology
"PEEN6005,",Drilling Engineering Fundamentals
"PEEN6006,",Production Technology
"PRRE4004,",Advanced Mineral Processing
"PEEN4011,",Petroleum Field Development Planning
"PEEN4006,",Petroleum Geomechanics
"POLS5000,",International Security in Theory and Practice
"ISYS2002,",Introductory Systems Analysis and Design
"ISYS6018,",Information Security Audit and Control
"ISYS6009,",Enterprise Network Security
"ISYS6004,",Green Information Technology and Sustainability
"ISYS5000,",Designing Database Systems
"JOUR3009,",Multimedia News Production
"JOUR3013,",Podcasting
"JOUR6004,",Graduate Multimedia News Production
"JOUR5016,",Entrepreneurial Journalism
"LAWS1001,",Advanced Contract Law
"LAWS4003,",Honours Dissertation in Law
"ISYS3015,",Business Application Development
"MGMT3005,",Event Management
"MEDS4002,",Epidemiology and Biostatistics Practice
"MENT2000,",Common Mental Health Disorders
"MGMT3008,",Professional Practice in Employment Relations
"MCEN4007,",Mechanical Engineering Research Project 2A
"MATH3004,",Industrial Project
"MATH2002,",Computational Mathematics
"MATH3001,",Applied Mathematical Modelling
"MATH0022,",Engineering Mathematics 2
"MATH4001,",Functional Analysis
"MEDI3007,",Introduction to Laboratory Medicine Practice
"MINE5006,",Mine Management and Governance
"NPSC0001,",Science Foundations
"MXEN4003,",Automatic Control
"ISAD5001,",Systems Analysis
"ISAD5000,",Advanced Optimisation Techniques
"ISEC3006,",Cyber Security Capstone Project 1
"ISEC4002,",Extended Cyber Security - Intrusion Detection System and Incident Handling
"ISEC6001,",Intrusion Detection
"ISEC4000,",Extended Cyber Security Concepts
"INDS5009,",Indigenous Research Methodologies
"INDS5001,",Introduction to Indigenous Australians
"ISYS3012,",Advanced Business Technologies
"JOUR0001,",Introduction to Journalism
"JOUR3002,",Presentation for Broadcast
"JOUR5003,",Graduate News Writing and Reporting
"JOUR5006,",Graduate Journalism Industry Placement
"ISAD4000,",Software Engineering Project A
"ISAD4001,",Software Engineering Project B
"INVE6000,",Investments and Fund Management
"ISEC3007,",Cyber Security Capstone Project 2
"ISEC4001,",Extended Cyber Crime and Security Enhanced Programming
"ISYS2001,",Introduction to Business Programming
"INED3001,",Indigenous Australian Education
"ISYS2008,",Enterprise Technologies
"ISYS2007,",Database
"PHAR4008,",Management and Leadership in Pharmacy
"PHRM2006,",Pharmacology Principles
"PHTY7019,",Advanced Musculoskeletal Clinical Competencies 2
"PHAR2001,",Pharmaceutical Formulation
"PHTY7008,",Musculoskeletal Science Advanced Competencies 2
"PHYS4003,",Advanced Topics in Astrophysics
"PHRM2004,",Pharmacokinetics and Pharmaceutical Analysis
"PHRM3005,",Advanced Pharmacokinetics and Drug Bioanalysis
"PHTY7021,",Continence and Pelvic Health Clinics 2
"PHYS2005,",Electromagnetism
"NURS5024,",Diabetes Professional Practice
"NUTR5006,",Nutrition and Dietetics Research Project
"OCCT2004,",Integrated Ergonomics and Safety Science
"OCCT2001,",Applied Physical Rehabilitation
"OCCT4007,",Special Topic in Clinical Education
"OCHS5006,",Ergonomics
"PAED3000,",Principles and Practice of Paediatrics
"PARA4000,",Paramedicine Honours Preparation
"PATH3003,",Advanced Biomechanics
"PARA4001,",Paramedicine Honours Dissertation
"NUTR3005,",Nutrition Communication in Practice
"NURS4013,",Nursing Honours Dissertation
"NUTR3000,",Food and Nutrition Sociology
"NURS5019,",School Aged Health Specialisation
"NURS4012,",Nursing Honours Preparation
"OCCT5006,","Environment, Health and Disability"
"OCHS5000,",Compensation and Injury Management
"OCHS5001,",Occupational Diseases
"NURS5018,",Advanced Clinical Nursing Science 2
"OCHS3004,",Emergency Management and Incident Investigation
"OCHS3003,",Toxicology and Diseases
"OCHS2003,",Injury Management and Workers Compensation
"OCHS2000,",Occupational Hygiene
"PEEN3002,",Petroleum Production Technology
"PEEN3006,",Drilling Engineering and Fluids Laboratory
"PEEN3008,",Advanced Reservoir Engineering
"OCHS3006,",Health and Safety Management
"PRRE2005,",Fundamentals of Mineral Processing
"PRRE5012,",Mineral Processing
"PRRE3005,",Hydrometallurgy
"PRRE4010,",Gas Transmission and Distribution
"SPAT5005,",Digital Image Interpretation
"SPAT5013,",Spatial Database Systems
"SPAT4009,",Spatial Sciences Project
"SCWK3004,",Working in Human Service Organisations
"SPAT2008,",Integrated Surveying
"SPAT3013,",Earth Observation from Space
"SPAT4001,",Survey Law Ethics Practice
"PUBR3002,",Reflective Practice
"REHT2005,",Allied Health Research Design
"PWRP0004,",Travel Writing and Photography
"REHT5008,",Promoting Human Rights and Quality of Life
"REHT3003,",Clinical Exercise and Sports Injury
"REHT5007,",Positive Behaviour Support Practice Application
"REHT5010,","Understanding Behaviour, Needs and Experiences"
"REHT5009,",Supporting Accessible Communication
"SCWK3001,",Social Work with Older People
"SPAT2014,",Environmental Applications of Geographic Information Science and Remote Sensing
"SPAT3002,",Advanced Photogrammetry
"SPAT4004,",Applied Geodetic Surveying
"SPAT4005,",Precise Engineering and Deformation Surveys
"PUBH6005,",Global Public Health Challenges
"PUBH4001,",Public Health Honours Dissertation
"PUBH3004,",Global Public and Planetary Health
"MGMT6012,","Remuneration, Reward and Performance Management"
"MGMT6042,",Advanced Quantitative Research Methods
"MGMT6069,",Industry and Cultural Awareness Tour
"MGMT6054,",Business Models and Feasibility
"MICB2001,",Translational Microbiology
"MGMT6088,",Wicked Problems
"MICB3002,",Advances in Molecular Microbiology
"MIDW1004,",Professional Midwifery Studies
"MGMT4005,",Introduction to Research Methods for Honours
"MGMT5011,",High Performance Teams
"MGMT5001,",Human Resource Development
"MGMT4009,",Commerce Research Project Advanced
"MGMT5031,",Public Sector Marketing
"MINE3000,",Mine Survey Project
"MGMT6009,",Industry Project
"MGMT6015,",Global Employment and Human Resource Management
"MGMT6072,",Strategic Human Resource Management Research and Analytics
"MGMT4006,",Qualitative Methods for Research
"MGMT6044,",Introduction to Business Research Methods
"MGMT6043,",Advanced Qualitative Research Methods
"MGMT5010,",International Industrial Relations
"MGMT4000,",Honours Dissertation in Business
"MGMT5046,",Transformation and Renewal
"PSYT4000,",Principles of Psychological Assessment
"PUBH3003,",Applied Public Health Practice
"PUBH5007,",Evidence Informed Public Health Practice
"PUBH6036,",Public Health Capstone
"PUBP6008,",Managing Public Sector Organisations (ANZSOG)
"PUBP6007,",Government In A Market Economy (ANZSOG)
"PSYT2000,",Occupational Therapy in Neuropsychiatry and Recovery
"PSYT5000,",Principles of Psychological Assessment (Global)
"PUBH2004,",Indigenous Australian Professional Practice and Leadership
"PUBP6006,",Leading Public Sector Change (ANZSOG)
"PUBH6025,",Public Health Special Topics
"PUBP6004,",Designing Public Policies and Programs (ANZSOG)
"PUBP6009,",Decision Making Under Uncertainty (ANZSOG)
"PUBP6011,",Public Financial Management (ANZSOG)
"PUBH3007,","Climate Change, Health and Big Data"
"PSYC6014,",Psychological Theories and Applications
"PSYC5025,",Psychology Dissertation (Global)
"PSYC5023,",Introduction to Counselling (Global)
"PSYC7003,",Psychology Doctoral Practicum 3
"PSYC6024,",Clinical Psychology Masters Practicum 2
"PSYC6032,",Psychological Theories and Applications (Global)
"PSYC6031,",Psychology Practicum (Global)
"PUBH6030,",Public Health Protection and Control
"PSYC6023,",Advanced Professional Practice and Clinical Interventions
"PSYC4009,",Introduction to Counselling
"PSYC6025,",Clinical Psychology Masters Dissertation 2
"PSYC6022,",Innovation and Evaluation in Clinical Practice
"PSYC4001,",Psychology Honours Dissertation
"STEN4006,",Structural Dynamics
"STEN4007,",Sustainability and Durability of Concrete Structures
"SUST5018,",People and Planet
"STAT4005,",Advanced Topics in Mathematical Sciences A
"STAT5004,",Financial Engineering 2
"STAT5005,",Quantitative Biology
"STEN6007,",Structural Analysis of Indeterminate Structures
"STAT5007,",Stochastic Processes
"STEN6003,",Structural Dynamics and Applications
"SPAT6009,",Spatial Sciences Research Project B
"SPAT6008,",Spatial Sciences Research Project A
"SPPA2004,",Speech Sound Disorders
"SPPA5009,",Hearing and Speech Sound Disorders
"SPPA5007,",Acquired Language and Cognitive Communication Disorders
"SPPA5011,",Voice Disorders
"SPPA5010,",Management of Child Language Disorders
"SPPA1000,",Studies in Language Development
"SPPA2008,",Acquired Language and Cognitive Communication Disorders
"SPPA2010,",Hearing Disorders and Fluency Disorders
"SPPA2009,",Child Language Disorders
"STAT3005,",Stochastic Processes
"STAT3008,",Provisioning Techniques
"STAT4006,",Advanced Topics in Mathematical Sciences B
"SPAT6005,",Spatial Modelling
"STEN4005,",Advanced Concrete Design and Construction
"SPAT3000,",Measurement and Adjustment Analysis
"ACCT6005,",CPA Advanced Audit and Assurance
"AGRI3002,",Integrated Pest Management
"AGRI1001,",Introduction to Agricultural Systems
"AGRI1002,",Introduction to Agricultural Production Systems
"AGRI3005,",Pasture and Rangeland Management
"AGRI5000,",Crop and Pasture Science
"AGRI5009,",Integrated Pest Management
"AGRI6005,",Life Sciences Research Dissertation
"COMP6013,",Explainable Approaches to Machine Learning
"COMP6017,",Cloud Ops - Security and Automation
"CMPE4001,",Extended Software Engineering Testing
"CNCO5002,",Specialist Computer Communication
"CMPE4005,",VLSI Design
"COMS0001,",Communication Skills
"CMPE5004,",Internet of Things 3
"CHEN3006,",Palm Oil and Oleochemical Process
"CHEN3013,",Sustainable Palm Oil Processing and Production
"CHEM3001,",Environmental Chemistry
"CHEN4003,",Advanced Process Integration
"HUMN4001,",Humanities Honours Dissertation 2
"HEAL5004,",Strategic and Operational Health Management
"HLPR3003,","Health Promotion, Media and Advocacy"
"HRIG5002,",International Human Rights Law and Practice
"HRIG5014,",Dialogue across Cultures and Religions
"HRIG5000,",Human Rights Education in Practice
"HUMN0002,",Humanities Foundations
"HLPR5000,",Chronic Condition Self-Management
"HUMB3008,",Clinical Neurophysiology
"HUMB2011,",Limb Anatomy and Biomechanics
"HUMB3011,",Performance Analysis and Introductory Data Science
"HLPR2001,",Preventing Non-Communicable Diseases
"HUMN4000,",Humanities Honours Dissertation 1
"HUMN4002,",Honours Research Seminar
"GRDE5008,",Innovation by Design
"HEAL6029,",Health Sciences Research Dissertation
"GRDE5003,",Typography
"HLPR5001,",Contemporary Practice in Health Promotion
"HRIG5005,",Indigenous Rights
"HEAL5005,",Health System Planning
"HEAL6044,",Economic Evaluation and Decision Making in Health
"HIST0001,",20th Century World History
"HRIG5003,","Activism, Advocacy and Change"
"COMS1014,",Foundations of Communication
"COMT4003,",Mobile Radio Communications
"ECEV3003,",Behavioural Ecophysiology
"ECEV3001,",Environmental Research Project
"CSEN6004,",Engineering Management Project
"COMS0011,",Effective Communication Skills
"ECON5004,",Mathematical Modelling in Business
"ECON3006,",Borneo and the Global Economy
"ECON3004,",Macroeconomic Theory
"ECON6018,",Mineral and Energy Economics Capstone
"ECON0001,",Principles of Economics
"BIOL2004,",Research Skills for Biomedical Sciences
"BLDG2036,",Quantities Measurement for Construction Works
"BOTA2000,",Plant Diversity and Adaptation
"BIOL3008,",Advanced Bioinformatics
"BCCB3001,",Frontiers in Cell Biology
"AGRI6004,",Life Sciences Research Design
"ENST6004,",Aquatic Research Project
"ENST1000,",Global Environmental Challenges
"EPID6001,",Quantitative Methods
"ENST2003,",Ecotoxicology and Environmental Monitoring
"FOOD3004,",Food Science Professional Placement
"FINA1000,",Art and Creativity
"FOOD3002,",Food Processing and Preservation Project
"FOOD3005,",Functional Foods and Product Development
"FOOD2004,",Food Processing
"GEOL5009,",Geoscience Exploration Project
"GEOL5007,",Energy Resources
"GEOL5008,",Mining and Exploration Geology
"GEOL6008,",Geoscience Master Project B
"GEOP2008,",Environmental and Groundwater Geophysics
"GEOL3001,",Tectonics and the Dynamic Earth
"GEOL6009,",Applied Field Techniques
"INDH2004,",Indigenous Australian Health Project Evaluation
"INDH2012,",Behavioural Neuroscience
"INDH2013,",Psychopharmacology in Indigenous Mental Health
"KORE3002,",Korean Popular Culture
"LAWS6002,",Legal Research Methods
"MATH0004,",Introduction to Financial Literacy and Mathematic Fundamentals
"JOUR5000,",Graduate Media Law and Ethics
"LAWS0000,",Introduction to Legal Foundations
"LANG1000,",Noongar- Awakening an Endangered Indigenous Language
"MARI2000,",Marine Ecology
"ISYS3010,",Enterprise Architecture
"MATH1018,",Advanced Linear Algebra 1
"MATH0016,",Introduction to Financial Mathematics
"MATH6004,",Industrial Engineering Masters Project
"MATH6001,",Mathematics Masters Project 3
"MCEN4001,",Industrial Fluid Mechanics
"IMED3011,",Evidence Informed Medicine Use
"NPSC0002,","Earth, Cosmos and Future Technologies"
"TAXA6008,",Graduate Curtin Taxation Clinic
"SUST7000,",Introduction to Environment & Climate Emergency
"URDE1005,",Diversity and Cultural Planning
"TAXA5001,",Fundamentals of Australian Tax Law
"XINO2005,",International Experience 2
"XINO2004,",International Experience 1
"XINO2006,",International Experience 3
"XINO2007,",International Experience 4
"VISA3006,",Fine Art Concepts and Contexts
"VISA2024,",History and Theory of Art and Design 2
"VISA3004,",Art Visual Research 4
"VISA3010,",Fine Art Studio Practice
"VISA3009,",Fine Art Project Development
"VISA2005,",Fine Art Studio Processes
"VISA1006,",Introduction to History of Art and Design
"VISA2004,",Fine Art Studio Strategies
"VISA1005,",Fine Art Studio Materials
"VISA5003,",Art and Design Project 2
"VISA5005,",Reviewing Literature in Art and Design
"VISA5004,",Analysing Research Methods in Art and Design
"VISA3003,",Art Visual Research 3
"VISA6001,",Art and Design Exegesis Writing
"WORK3007,",Go Practice - Internship 3
"XINA3081,",Cross Institutional Study (within Australia)
"XINO5028,",Future Thinking (University of Aberdeen)
"XINO5031,",Investment Analysis for Energy (University of Aberdeen)
"VISA2021,",Art Visual Research 1
"VISA1015,",Introduction to Creative Arts
"VISA2023,",Fine Art Theory and Criticism
"VISA5011,",Graduate Fine Art Studio Methods
"WORK3003,",Go Practice - Internship 2
"XINA2008,",Cross Institutional Study (within Australia)
"XINO1008,",International Study Abroad
"XINO1007,",International Study Abroad
"XINO1016,",International Study Abroad - Community Service
"XINO1015,",International Study Abroad - Asia Study Tour
"URDE3005,",Special Topics in Urban & Regional Planning
"URDE4008,",Planning Dissertation Preparation
"URDE5005,",Planning Dissertation Preparation
"URDE6000,",Planning Masters Dissertation
"TREN4002,",Traffic and Road Pavement Engineering
"URDE2011,",Environmental Planning
"URDE4007,",Planning Honours Dissertation
"TAXA5020,",Fundamentals of Special Taxation Topics
"TAXA3004,","Indirect, State and Employment Taxes"
"TAXA5006,",Advanced Corporate Taxation
"SXLG6006,",Foundations of Sexology
"TAXA3016,",Curtin Taxation Clinic
"TOUR3000,",Managing Tourism Destinations
"XINO5038,",International Experience 15
"XINO5037,",International Experience 14
"XINO5040,",International Experience 17
"XINO5032,",International Study Abroad 8
"XINO5036,",International Experience 13
"XINO5035,",International Study Abroad 11
"XINO5022,",Science and Engineering International Experience 1
"XINO5034,",International Study Abroad 10
"XINO5039,",International Experience 16
"XINO5041,",International Experience 18
"XINO5033,",International Study Abroad 9
"XINO2011,",International Experience 8
"XINO2010,",International Experience 7
"XINO2009,",International Experience 6
"XINO2012,",International Experience 9
"XINO2008,",International Experience 5
"WORK5004,",Go Practice 2
"ECON6022,",Regional and Socioeconomic Impact
"LAWS3018,",Consumer Law and Policy
"MGMT5019,",Strategy in Practice
"XINA1019,",Cross Institutional Study (within Australia)
"XINA3080,",Cross Institutional Study (within Australia)
"XINO3002,",Health Sciences Studies Abroad Topic 2
"POLS0001,",Introduction to Political Science
"TAXA5005,",Taxation of Trusts
"MGMT6074,",Organisational Strategy
"XINA1008,",Cross Institutional Study (within Australia)
"XINA1009,",Cross Institutional Study (within Australia)
"BLAW3005,",Practical Employment Law
"LAWS3015,",Occupational Health and Safety Law
"MEDA0001,",Introduction to Media
"CHEM4001,",Advanced Topics in Chemistry
"CHEM4002,",Advanced Topics in Chemical Analysis and Spectroscopy
"AGRI5004,",Management of Food Waste and Loss
"COMP2004,",Computer Graphics
"CONS2000,",Constitutional Law
"EDUC1021,",Child Development for Educators
"LAWS3016,",Principles of Australian Taxation Law
"LAWS3019,",Comparative Aboriginal Issues
"LAWS5016,",Principles and Models of Corporate Governance
"COMP0004,",Fundamentals of Information Technology
"EDUC1027,",Educators Inquiring About the World
"LAWS3003,",Employment Law
"LAWS3006,",Law Review
"LAWS3032,",Comparative Anti-Corruption Law
"BLAW3011,",Native Title Law and Policy
"ECON6013,",Resource Sector Finance
"ECON6017,",Energy Policy
"ECON6014,",Primary Energy Economics
"ACCT0001,",Introduction to Accounting (Dubai Foundation)
"BLAW3009,",Energy Governance
"CHEM0004,",Introduction to Chemistry (Dubai Foundation)
"BLAW3014,",Professional Responsibility
"NETS2002,","Social Media, Communities and Networks"
"MKTG3002,",Contemporary Advertising Practice
"NURS5047,",Clinical Health Systems
"PUBR3000,",Public Relations in Industry
"MGMT6078,",Socially Responsible Supply Chains
"MGMT6018,",Supply Chain Quality Management
"MKTG2000,",Integrated Marketing Communications
"MKTG6006,",Digital and Interactive Marketing
"SPPA5003,",Introduction to Speech Pathology
"HUMB5000,",Fundamentals of Clinical Anatomy and Physiotherapy Practice
"PATH1000,",Introduction to Pathophysiology
"ENGL0018,",English Language Bridging (ELB) Extended Preparation
"REHT6003,",Foundations of Evidence Based Clinical Practice
"PSYC6020,",Clinical Psychology Masters Practicum 1
"SPPA3009,",Speech Pathology Fieldwork 1
"NURS5037,",Practice Improvement Research Project
"NURS5023,",Nursing Professional Practice Capstone
"NURS5020,",Behavioural Responses to Illness
"SPPA6010,",Speech Pathology Fieldwork 1
"SPPA4015,",Speech Pathology Fieldwork 3
"MIRA4008,",Clinical Medical Imaging Practice 5
"NUTR6005,",Dietetic Practice Techniques
"NURS5021,",Nursing Professional Practice 2
"MIRA4011,",Clinical Radiation Therapy Practice 5
"MINE5013,","The Mining Cycle - Geology, Metallurgy and Mining"
"PHTY4003,",Physiotherapy Clinics 1
"REHT4001,",Allied Health Honours Research Project
"DENT3006,",Comprehensive Care and Treatment Planning in Oral Health Therapy
"PHTY4004,",Physiotherapy Clinics 2
"PHTY4005,",Physiotherapy Clinics 3
"DENT3009,",Cultures of Oral Health
"PHTY4006,",Physiotherapy Clinics 4
"DENT3008,",Evidence-based Oral Health Practice
"DENT3007,",The Independent Oral Health Therapist
"SCWK5000,",Social Work in Contemporary Australia
"GMED4004,",Medicine 4 Rural
"ECON6020,",Commodity Derivatives and Risk Management
"ENGL0014,",English Language Bridging (ELB) Academic Session Reading and Writing
"ENGL0013,",English Language Bridging (ELB) Academic Session Listening and Speaking
"ECOM5001,",Econometric Theory and Application
"PHTY7010,",Applied Clinical Sports Science
"PHTY7011,",Advanced Sports Physiotherapy Clinics 2
"PHTY6019,",Diversity and Global Practice
"PHTY7009,",Sports Rehabilitation Science
"PSYC7006,",Psychological Assessment Theories and Practice
"PHTY6017,",Physiotherapy Core Clinical Practice 3
"MATH6000,",Master Thesis - Mathematical Sciences
"ECON6002,",Master Thesis - Mineral Economics
"CHEM6000,",Master Thesis - Chemistry
"AGRI6007,",Master Thesis - Agriculture and Food Science
"ENGR6002,",Master Thesis - Corporate Sustainability
"MGMT5003,",Culture and Ethics in Global Business
"BLDG6000,",Master Thesis - Design and Built Environment
"CHEN7000,",Doctoral Thesis - Chemical Engineering
"MKTG6000,",Master Thesis - Marketing
"NPSC6001,",Master Thesis - Science and Mathematics Education
"PEEN7000,",Doctoral Thesis - Petroleum Engineering
"EDUC6000,",Master Thesis - Education
"ACCT7000,",Doctoral Thesis - Accounting
"PHYS7000,",Doctoral Thesis - Physics
"CHEN6000,",Master Thesis - Chemical Engineering
"CMPE7000,",Doctoral Thesis - Electrical & Computer Engineering
"MEDA6000,","Master Thesis - Media, Culture and Creative Arts"
"MCEN6000,",Master Thesis - Mechanical Engineering
"COMP7000,",Doctoral Thesis - Computing
"CHEM7000,",Doctoral Thesis - Chemistry
"ECON7002,",Doctoral Thesis - Mineral Economics
"ECON7000,",Doctoral Thesis - Economics
"ACCT6000,",Master Thesis - Accounting
"GEOP7000,",Doctoral Thesis - Exploration Geophysics
"GEOL7000,",Doctoral Thesis - Geology
"GRDE7000,",Doctoral Thesis- Design
"HUMN7000,",Doctoral Thesis - Humanities
"GEOP6000,",Master Thesis - Exploration Geophysics
"HEAL7002,",Doctoral Thesis - National Drug Research Institute
"INDS7000,",Doctoral Thesis - Indigenous Australian Studies
"INDS6000,",Master Thesis - Indigenous Australian Studies
"HUMV7001,","Doctoral Thesis - Exercise, Sports and Rehabilitation Science"
"INTR7000,",Doctoral Thesis - Social Sciences
"CVEN6000,",Master Thesis - Civil Engineering
"NPSC7001,",Doctoral Thesis - Sarawak
"LAWS7000,",Doctoral Thesis - Law
"LING7000,",Doctoral Thesis - Language and Intercultural Education
"MEDS7000,",Doctoral Thesis - Biomedical Sciences
"MEDI6003,",Research Thesis - Biomedical Science
"MCEN7000,",Doctoral Thesis - Mechanical Engineering
"MIRA6000,",Master Thesis - Medical Radiation Science
"MINE7000,",Doctoral Thesis - Mining and Metallurgical Engineering
"MINE6000,",Master Thesis - Mining and Metallurgical Engineering
"MIRA7000,",Doctoral Thesis - Medical Radiation Science
"AGRI7001,",Doctoral Thesis - Agriculture and Food Science
"BLDG7001,",Doctoral Thesis - Construction Management
"NURS7000,",Doctoral Thesis - Nursing and Midwifery
"CVEN7000,",Doctoral Thesis - Civil Engineering
"MATH7001,",Doctoral Thesis - Mathematics Education
"MATH7000,",Doctoral Thesis - Mathematical Sciences
"MKTG6017,",Research Thesis - Marketing
"MGMT6001,",Master Thesis - Management
"PHAR7000,",Doctoral Thesis - Pharmacy
"MGMT7000,",Doctoral Thesis - Management
"PEEN6000,",Master Thesis - Petroleum Engineering
"PHYS6001,",Research Thesis - Physics
"AGRI6001,",Research Thesis - Agriculture
"NPSC7002,",Doctoral Thesis - Science Education
"PHTY7000,",Doctoral Thesis - Physiotherapy
"MGMT7001,",Doctoral Thesis - Graduate Business
"MKTG7000,",Doctoral Thesis - Marketing
"PHYS6000,",Master Thesis - Physics
"ENST7000,",Doctoral Thesis - Environmental Science
"FINA6000,",Research Thesis - Fine Arts
"ENST6008,",Research Thesis - Environmental Science
"ENST6000,",Master Thesis - Environmental Science
"HEAL6036,",Master Thesis - Health Studies
"HUMN6000,",Master Thesis - Humanities
"HEAL7000,",Doctoral Thesis - Health Sciences
"ISYS7001,",Doctoral Thesis - Information Systems
"ERTH6000,",Research Thesis - Earth and Planetary Sciences
"GMED7000,",Doctoral Thesis - Medicine
"CHEM6001,",Research Thesis - Chemistry
"LAWS6001,",Master Thesis - Law
"ECON7001,",Doctoral Thesis - Economics and Finance
"ARCH7000,",Doctoral Thesis - Architecture and Interior Architecture
"EDUC7000,",Doctoral Thesis - Education
"GEOL6000,",Master Thesis - Geology
"ISYS6000,",Master Thesis - Information Systems
"ECON6026,",Research Thesis - Economics and Finance
"COMP6000,",Master Thesis - Computing
"SPAT6000,",Master Thesis - Spatial Sciences
"PSYC7000,",Doctoral Thesis - Psychology
"SCWK7000,",Doctoral Thesis - Social Work
"CMPE6000,",Master Thesis - Electrical and Computer Engineering
"PUBP7000,",Doctoral Thesis - Public Policy
"REHT7000,",Doctoral Thesis - Occupational Therapy
"REHT7001,",Doctoral Thesis - Human Communication Science
"REHT6009,",Master Thesis - Health Science
"PUBP6000,",Master Thesis - Public Policy
"PSYC6016,",Research Thesis - Psychology
"PUBH7000,",Doctoral Thesis - Public Health
"VISA7001,","Doctoral Thesis - Media, Culture and Creative Arts"
"PRRE7001,",Doctoral Thesis - Sustainable Engineering
"MEDS5010,",Musculoskeletal Structure and Function
"PROP7000,",Doctoral Thesis - Property Studies
"SPAT7000,",Doctoral Thesis - Spatial Sciences
"URDE7000,",Doctoral Thesis - Urban and Regional Planning
"XINO5030,",Quantitative Methods for Energy Economics (University of Aberdeen)
"MCEN4004,",Heat Transfer
"INDH2002,",Indigenous Public Health and Health Promotion
"INDS5005,","On-Country Learning, Exploring Indigenous Australian Knowledges"
"OCCT6008,",Current Concepts in Occupational Therapy Professional Practice
"SPPA4014,",Integrated Speech Pathology Professional Practice
"OCCT4010,",Advanced Occupational Therapy Professional Practice
"WORK3008,",Go Practice - Internship 4
"MATH4003,",Mathematical Sciences Honours Dissertation
"CHEM4000,",Chemistry Honours Dissertation
"PHYS4001,",Physics Honours Dissertation
"NPSC3000,","Research, Leadership and Entrepreneurship in Science 2"
"COMP4003,",Computing Honours Dissertation
"NPSC2001,","Research, Leadership and Entrepreneurship in Science 1"
"MEDI4011,",Advanced Biomedical Science Honours
"AGRI4001,",Agriculture and Food Science Dissertation
"STAT4007,",Data Science Honours Dissertation
"ERTH4004,",Earth and Planetary Sciences Honours Dissertation
"ENST4001,",Environment and Marine Science Dissertation
"ENGL1000,",ELICOS Unit
"REHT4000,",Allied Health Honours Professional Project
"MIRA2006,",Clinical Radiation Therapy Practice 1
"PUBH3002,",Professional Practice in Public Health
"SCWK3002,",Social Work Field Education 1
"PUBH6009,",Public Health Practicum
"GMED4002,",Medicine 4
"GMED4003,",Medicine 5
"OCCT2003,",Introduction to Occupational Therapy Professional Practice
"GRDE5004,",Design Thinking
"MGMT5030,",Comparative Policy Sciences
"MGMT5028,",Public Sector Transformation
"MGMT5029,",Public Policy and Strategy
"XINA1018,",Cross Institutional Study (within Australia)
"WORK5006,",Go Global 2
"LAWS3000,",Intellectual Property
"MGMT5032,",Case Studies on Public Policy
"BIOL3005,",Cognition
"ENGR1001,","Engineering: Connecting Past, Present and Future"
"FORS5000,",Advanced Topics in Forensic Exchange Evidence
"LAWS3002,",Corporate Governance
"LAWS3014,",Human Rights Law
"LAWS3020,",Special Topics in Law
"LAWS6004,",Digital Finance Industry Research Project
"MATH0015,",Intensive Mathematics Foundations
"MATH0008,",Mathematical Foundations
"ENGL0003,","Advanced Critical Thinking, Research and Writing"
"ENGL0002,","Critical Thinking, Research and Writing"
"COMP0003,",Introduction to Programming (Dubai Foundation)
"ENGR1000,",Engineering Connections
"ECON6021,",Resource Cost and Capital
"FAMI2000,",Family Law
"LAWS2011,",Legal Internship
"MATH0010,",Mathematical Foundations III
"MGMT0002,",Introduction to Management
"MCEN4008,",Finite Element Analysis
"MGMT3011,",Managing Operations
"ECON2001,",Macroeconomic Principles
"LING6001,",Language in Society
"BLAW5016,",Fundamentals of Business and Corporations Law
"ECOM2000,",Econometric Principles
"EDUC6041,",Research Methods in Applied Linguistics
"ACCT5021,",Accounting for Managers
"MGMT6077,",Supplier Relationships and Stakeholder Management
"ADVT3000,",MarCom Campaign Development
"BANK3000,",Introduction to Mergers and Acquisitions
"ECON6009,",Mineral Market Analysis
"COMP0002,",Computer Productivity
"ECON6016,",Unconventional and Renewable Energy Technology Economics
"GENE5000,",Foundations of Genetics and Genomics
"HUMB0003,",Introduction to Human Biology
"GRDE0002,",Introduction to Design Thinking
"MKTG5003,",Synergising Marketing
"ADVT2001,",Media Planning
"INVE3000,",Introduction to Derivative Securities
"PSYC2001,",Social Psychology
"BANK3003,",Fundamentals of Bank Management
"BEHV2000,",Psychological Science Experimental Methods
"ECON2004,",Microeconomic Principles
"PUBR2001,",Public Relations and Reputation Management
"ORGM5000,","Strategy, Change and Innovation"
"PSYC3002,",Individual Differences
"PSYC3005,",Advanced Psychological Science Qualitative Methods
"PSYC2000,",Psychology of Learning
"PUBR2002,",Discovering Public Relations
"PSYC1002,",Science and Professional Practice in Psychology
"PSYT3000,",Abnormal Psychology
"MGMT5022,",Organisational Behaviour for Managers
"MGMT5052,",Designing Your Future
"MGMT6028,",Leading and Facilitating Teams
"MKTG0001,",Introduction to Marketing
"PHYS0003,",Introduction to Physics (Dubai Foundation)
"PSYC0002,",Introduction to Psychology
"PUBR5002,",Reputation Management
"PRJM0001,",Introduction to Project Management
"MGMT6023,",Philosophy and Ethics
"MGMT6030,",Responsible Leadership
"PSYC3003,",Adult Developmental Psychology
"PSYC2003,",Child Developmental Psychology
"MGMT6039,",Human Resource Strategies
"TOUR3003,",Contemporary Issues in Tourism Management
"TOUR2002,",Hospitality Experience
"MGMT5023,",Managerial Effectiveness
"TOUR2000,","Principles of Tourism, Hospitality and Events"
"JOUR2000,",Radio News
"LING6000,",Language Acquisition
"ISYS1000,",Introduction to Business Information Systems
"JOUR2005,",Media Law and Ethics
"MGMT2004,",Business and Sustainable Development
"PHAR1002,",Pharmacy Practice 1
"ERTH4001,",Geoscience Honours Dissertation
"NPSC4001,",Advanced Science Capstone
"PHTY6010,",Physiotherapy Project Report
"NURS3002,",Inquiry for Nursing and Midwifery Leadership
"CRIT3001,",Nursing Practice for Health Complexity 2
"GMED5000,",Nursing Bioscience for Chronic Conditions
"MIRA4012,",Clinical Radiation Therapy Practice 6
"VALU3001,",Property Valuation Practice
"NURS5029,",Inquiry for Ethical and Legal Contexts in Health
"PHTY5006,",Acute Care Physiotherapy Clinics
"XINO1010,",International Study (Study Exchange)
"XINA3083,",Cross Institutional Study (within Australia)
"XINA3082,",Cross Institutional Study (within Australia)
"XINA3084,",Cross Institutional Study (within Australia)
"NURS4007,",Advanced Wound Care
"OCCT4012,",Occupational Therapy Fieldwork 1
"OCCT4009,",Occupational Therapy Fieldwork 2
"OCCT6010,",Occupational Therapy Clinical Education 1
"PHYS0004,",Fundamentals of Physics
"CHEM0006,",Chemistry Essentials 1
"MIRA4009,",Clinical Medical Imaging Practice 6
"AGEN4000,",Palliative Care
"MIRA3001,",Clinical Medical Imaging Practice 4
"MIRA3009,",Clinical Radiation Therapy Practice 4
"LAWS3025,",Law and Technology
"BIOL3011,",Biomolecular Structure and Interactions
"EDEC5000,",Early Childhood Professional Experience 1: Planning and Documentation
"PSYC6029,",Psychopathology and Interventions (Global)
"STAT5009,",Decision Methods and Predictive Analytics
"PSYC6011,",Counselling and Interpersonal Processes in Psychology
"PSYC6017,",Interventions for Youth and Families
"PSYC6028,",Counselling and Interpersonal Processes in Psychology (Global)
"PSYC6030,",Interventions for Youth and Families (Global)
"PSYC6027,",Professional Practice in Psychology (Global)
"PSYC6015,",Psychopathology and Interventions
"STAT1004,",Introduction to Scientific Data Analysis
"PSYC3000,",Indigenous and Cross Cultural Psychology
"ACCT3005,",Data Analytics in Accounting
"ACCT2003,",Computerised Accounting Systems
"ECOM6004,",Predictive Behaviours Modelling
"FNCE5001,",Integrated Financial Instruments and Markets
"BANK3002,",Bank Lending
"ECOM6003,",Predictive Analytics in Business
"PROP2002,",Introduction to Property Markets
"VALU2000,",Valuation Methodology
"ENGL0017,",English Language Bridging (ELB) Preparation
"DENT2011,",Introduction to Clinical Oral Health Therapy
"INVE3001,",Portfolio Management
"SPAT1007,",Fundamentals of Geographic Information Systems
"LAWS2002,",Administrative Law
"BEHV2001,","Social Work Lifespan, Resilience and Risk"
"PUBH6038,",Research for Social Work Practice
"MKTG5010,",Branding Luxury
"ISEC2000,",Fundamental Concepts of Cryptography
"MGMT6073,",Global Business Sustainability
"ACCT3000,","Auditing, Assurance and Risk Assessment"
"ECOM6000,",Econometrics and Forecasting
"CHEN4011,",Advanced Modelling and Control
"EDUC2007,","Teaching Language, Literacy and Literature in Junior Primary"
"EDEC5007,",Numeracy for Birth to 4 Year-Olds
"LAWS3017,",Advanced Legal Research
"EDSC5026,",Curriculum and Instruction Lower Secondary: Mathematics
"EDHE5011,",Teaching Portfolio
"EDEC5010,",Family and Community Contexts
"EDSC5027,",Curriculum and Instruction Lower Secondary: Science
"EDSC5029,",Secondary Professional Experience 2: Assessment and Reporting
"EDSC5028,",Secondary Professional Experience 1: Planning
"EDUC6064,",Professional Experience 4: Transition into the Profession
"EDSC5035,",Teaching in the Secondary School
"EDSC5059,",Integrated Practice in the Secondary School
"TAXA5004,",GST and Indirect Taxation
"EDUC6027,",Language Teaching Course Design and Assessment
"EDUC5025,",Transcultural Communication
"EDUC5019,",Introduction to Language
"EDUC6052,",Emerging Technologies and the Future of Learning
"BLDG2023,",Specialised Construction
"BLDG3016,",Construction Planning and Scheduling
"STAT1006,",Regression and Nonparametric Inference
"FNCE5007,",Finance Trading Strategies
"MIRA2015,",Medical Radiation Instrumentation 2
"MCEN3006,",Linear Systems and Control
"COMP5011,",Programming Design and Implementation
"EDEC2019,",Early Childhood Professional Experience 1: Learning and Teaching in Junior Primary
"EDEC3016,",Early Childhood Professional Experience 2: Quality Frameworks in Early Learning Centres
"EDEC3022,",Mathematics during the First Five Years of Life
"EDEC2025,",Mathematics for the Early Years
"NURS4011,",Consolidated Nursing Practice
"MCEN6022,",Advanced Fluid Mechanics
"MCEN3009,",Linear Systems and Vibrations
"NUTR5000,",Dietetic and Food Service Management
"GEOL5010,",Hydrogeology and Engineering Geology
"MCEN6020,",Machine Design
"OCHS3002,",Health and Safety Professional Practice
"MCEN5001,",Machine Dynamics
"OCHS3005,",Workplace Health and Safety Practice
"BCCB2002,",Nutritional Biochemistry and Human Metabolism
"MCEN6024,",Materials Engineering
"HUMB1006,",Human Physiology for Exercise Science
"MCEN4006,",Mechanical Engineering Research Project 2
"SPPA3010,",Disability and Multimodal Communication
"GMED6012,",Fundamentals of Integrated Cardiopulmonary Science
"MCEN2003,",Machine Dynamics
"MCEN4002,",Materials Engineering
"MCEN3004,",Advanced Strength of Materials
"ENGR2000,",Fluid Mechanics
"MCEN6018,",Advanced Strength of Materials
"MCEN3008,",Fundamentals of Heat Transfer
"MCEN4018,",Electromechanical Energy Systems
"MCEN4019,",Automatic Control Systems
"MCEN2002,",Fundamentals of Mechanical Design
"MCEN5002,",Fundamentals of Thermodynamics
"MCEN5003,",Fundamentals of Mechanical Design
"MCEN6026,",Fundamentals of Heat Transfer
"MCEN2001,",Fundamentals of Thermodynamics
"MCEN4017,",Systems Engineering Design
"LAWS3012,",Australian Taxation Law in Practice
"CMPE6006,",Microcomputer System Design
"SCWK4000,","Violence, Abuse and Trauma"
"NURS2002,",Nursing Practice for Health Instability 1
"MGMT6040,",Resource Sector Management
"PEEN6013,",Well Stimulation Remedial and Intervention Operations
"ICTE2002,",UX Design 2
"MGMT6086,",Executive Education
"LAWS5014,",Legal Workplace Clinical Experience
"NURS5001,",Advanced Nursing Practice In Primary Health Care
"IMED3002,",Pharmaceutical Technology
"HUMB2008,",Medical Radiation Sectional Anatomy
"MIRA4016,",Medical Radiation Special Topics 1
"MIRA2007,",Medical Radiation Instrumentation 1
"MIRA2004,",Medical Imaging Practice 2
"MIRA2002,",Clinical Medical Imaging Practice 1
"GMED3012,",Medicine 3
"CHEN3007,",Fundamentals of Air Pollution Control
"CHEN3004,",Mineral Processing
"PEEN3000,",Formation Evaluation
"PHRM2003,",Biochemical Principles in Pharmacology
"GENE3000,",Genetic Engineering
"NURS1000,",Foundations of Clinical Practice
"SPAT2017,",Geodata Management
"FNCE4001,",Advanced Econometrics
"CVEN2000,",Civil Engineering Drawing and Surveying
"STEN3003,",Advanced Structural Analysis
"MCEN4013,",Advanced Refrigeration System Design
"MXEN3004,",Dynamic Modelling and Control
"ETEN2001,",Electronic Fundamentals
"CHEN4015,",Chemical Engineering Design Project
"CVEN4004,",Civil and Construction Engineering Research Project 2
"INDE5001,",Engineering - Design and Processes
"NUTR2001,",Nutrients
"PARA2001,",Paramedic Clinical Practice 2
"TAXA3007,",Elementary Australian Taxation Law
"WORK2008,",Sustainability Challenge
"INDS6001,",Australian Indigenous Literature Creative Perspectives
"MIRA1002,",Introduction to Medical Radiation Science
"MIRA3007,",Clinical Radiation Therapy Practice 3
"EDHE5008,",Design Thinking and Educational Innovation
"CSEN6005,",Engineering Project Management
"SPRO3009,",Sports Media Production
"EDSC5021,",Literacy and Numeracy across the Curriculum
"WORK2000,",Go Practice - Internship 1
"SPRO5008,",Graduate Advanced Studio Production
"EDSC5025,",Curriculum and Instruction Lower Secondary: Humanities and Social Sciences
"EDEC5005,",Humanities and Science in Early Childhood
"XINO3004,",Science and Engineering International Experience 1
"CSEN6002,",Engineering Strategic Management
"HIST2002,",Politics of the Modern Middle East
"MCEN4011,",Engineering Design Methodology
"CMPE2001,",Foundations of Digital Design
"MCEN1000,",Engineering Mechanics
"ENGR2001,",Ethics and Sustainability in Engineering
"GEOT3002,",Geotechnical Engineering Analysis
"CVEN4005,",Hydraulic Engineering and Flood Control
"GEOT6000,",Geotechnical Engineering Analysis
"CVEN6005,",Hydraulic Engineering and Flood Control
"CSEN4003,","Civil Engineering Practices, Quality and Legislation"
"CSEN2000,",Civil Engineering Construction Materials
"STEN6000,",Construction and Building Materials and Sustainability
"ENGR5002,",Ethics and Sustainability in Engineering
"CSEN5000,",Civil Engineering Construction Materials
"ENGR1002,",Engineering Science Studio
"INDE1001,","Engineering Foundations: Principles, Design and Communication"
"ENGL0015,",English Language Bridging (ELB) Block 1
"GEOL2004,",Sedimentology and Stratigraphy
"GEOL2009,",Geological Field Mapping
"JOUR3001,",Journalism Industry Placement
"ERTH2000,",Earth Resources and Sustainability
"CHEN3005,",Process Instrumentation and Control
"EDSC5023,",Curriculum and Instruction Lower Secondary: The Arts
"CHEN5041,",Process Instrumentation and Control
"MGMT6019,",Supply Chain Planning and Design
"CHEM2005,",Analytical Chemistry
"ACCT2002,",Cost Analysis for Decision Making
"GEOL2011,",Petrology
"ENGL0016,",English Language Bridging (ELB) Block 2
"INDS1000,",Introduction to Indigenous Australians
"INDS0006,",Governance and Ethics in Indigenous Australian Contexts
"MIRA1001,",Medical Imaging Practice 1
"MIDW5012,",Perinatal Mental Health for Midwifery Studies
"GEOP5005,",Seismic Methods
"REHT6010,",Allied Health Research Project
"GEOP2007,",Seismic Methods
"PUBH2005,",Big Data and Health
"PHTY1001,",Foundations of Physiotherapy Practice
"GRDE3029,",Visual Narrative Studio
"GRDE3015,",Advanced Animation
"GRDE3014,",DigEx Major Project 1
"GRDE2035,",Introduction to 3D Modelling and Rendering
"XINO5029,",Leading and Managing Projects (University of Aberdeen)
"SPPA3011,",Speech Pathology Fieldwork 2
"EDPR2012,",Primary Professional Experience 1: Planning for Teaching
"FOOD6001,",Food Commodities
"ENGR3000,",Industrial Ecology
"CSEN4002,",Integrated Design and Construction
"STEN4003,",Integrated Structural Design
"MXEN4000,",Mechatronic Engineering Research Project 1
"CHEN2000,",Mass and Energy Balances
"ENGR6011,",Mechanics of Solids and Numerical Methods
"CSEN6007,",Integrated Design and Construction
"ENEN6000,",Environmental Engineering Management
"MGMT5013,",Global Freight Transport Systems
"GMED6013,",Fundamentals of Paediatric Physiotherapy Practice
"SPAT3004,",Surveying Using Global Navigation Satellite Systems
"GMED2010,",Introductory Cardiopulmonary Science
"EDUC6040,",Special Topics in Applied Linguistics
"XINO2001,",International Study Abroad 2
"XINO2003,",International Study Abroad 4
"XINO2002,",International Study Abroad 3
"XINO2000,",International Study Abroad 1
"EDUC6015,",Negotiated Capstone Project
"EDUC5031,",Introduction to English: Reading
"FNCE3001,",Introduction to Financial Instruments and Markets
"OCCT6011,",Occupational Therapy Clinical Education 2
"PHTY5007,",Integration and Evaluation of Professional Physiotherapy Practice
"PHTY2003,",Professional Physiotherapy Practice
"ECON3007,",Advanced Applied Economics
"PARA1000,",Preparation for Paramedic Clinical Practice
"FNCE6001,",International Finance
"GMED3021,",Integrated Management of Pain Disorders
"HUMV4000,",Exercise and Sports Science Honours Preparation
"PHYS3004,",Physics Project 2
"STAT1005,",Introduction to Probability and Data Analysis
"PHYS3003,",Physics Project 1
"PHYS1007,",Physics 2
"MATH5005,",Applied Mathematics Topics
"MGMT5039,",Engineering Management and Professional Practice
"STAT3001,",Statistical Modelling
"STAT5002,",Statistical Modelling
